,A,B,C,D
2000-01-01,-3.3960244949472473,-0.30257955462585845,-1.8167779542946163,0.6406784729680364
2000-01-02,-2.214352376682119,-1.0448874636896117,-0.6872738298392025,-1.4218806426049115
2000-01-03,-2.860975629483205,0.7915920099478542,-1.8894415082291325,-0.24762980144794566
2000-01-04,-0.9435394821716245,0.5872478180404205,-2.2754383814537036,-0.023482956094065255
2000-01-05,-0.06049885035979985,0.48740472619107333,-1.6788494508773226,-0.11846411165651691
2000-01-06,-0.40256230804258325,0.11157356274259461,-1.088865747264489,-1.2474811141894535
2000-01-07,-0.7546552696948692,0.9872385406595221,-1.8895624813448733,0.4593795695791234
2000-01-08,-0.037883375106045225,0.028047203480181193,-2.452084354868916,-0.5591027494992848
2000-01-09,-0.4108295264049101,-0.16261371797727334,-2.8363760989045153,-1.5974098775387517
2000-01-10,0.8360244859177369,-0.6870034391891221,-4.1542828781669785,-2.798111047328218
2000-01-11,2.12394859222207,0.24956993005714723,-4.237088279668207,-1.5937628045901209
2000-01-12,2.752424513867901,-0.3998029761666744,-4.284757877354153,-1.3555720903515562
2000-01-13,2.691155211557535,-1.0556069656230873,-3.405077531672571,-2.450405832797951
2000-01-14,3.036117150288302,-1.174965911739314,-1.7154130255451427,-0.8234385543409954
2000-01-15,2.6092197873097245,-0.8898917073705916,-1.8735903282444402,-0.23675062837366512
2000-01-16,0.7405436456298538,-1.1583372259968956,0.3321518747198282,-0.5782633556526042
2000-01-17,1.107513918564141,-1.500370994633156,0.005250385418721415,0.7332288612125577
2000-01-18,1.018065530934059,-0.16078335082266726,1.125257490558577,1.3933719489621443
2000-01-19,0.7420160476723741,-0.9358454831751748,0.5366901755645312,1.1206000148286992
2000-01-20,1.338019004774162,0.7467032289744999,-0.08152863034171998,1.0915497566555792
2000-01-21,2.454775595460034,1.5723009829396115,-1.310382334265941,0.649880518826025
2000-01-22,3.2960691437243783,2.679173051552553,-2.3703859651600796,1.4582711147527616
2000-01-23,1.0640942801559583,2.6532671817752203,-2.5615530414674073,2.049770261020674
2000-01-24,0.6598930039700359,3.3479059653897827,-3.7780732412542486,0.6364171575651896
2000-01-25,0.42790911545197313,1.9437451149923808,-2.603917831229306,-0.8550422927926928
2000-01-26,0.36915899654441287,2.2051339591524903,-2.931047530039248,-1.4927899028130054
2000-01-27,0.5646000987246584,4.496861131314905,-3.0268310620600447,-2.3886962806130674
2000-01-28,0.7766132981832581,4.626254743074578,-3.92628731395038,-3.2000720668277696
2000-01-29,0.7794451714892527,3.2249066283236716,-4.707297269263898,-0.47830941906507274
2000-01-30,0.7860547703473627,2.883599398735794,-3.3481053472198843,1.0842609825965492
2000-01-31,0.23242082467215608,3.4942933310139335,-2.850965782947251,-0.31276322756428687
2000-02-01,0.02632416039050786,4.9837174705937475,-4.103258889676684,0.16318106437373087
2000-02-02,-1.13504049479043,5.782037987680308,-4.515039655450064,-0.8165109858126147
2000-02-03,-0.9498175637793016,6.029212684284752,-5.433121626699827,-1.4999747326365385
2000-02-04,-1.3136434467076548,5.349585592814228,-6.070447254755561,0.8513814100206187
2000-02-05,-2.4417353059610334,4.914426190291097,-5.208878494637533,1.1097849244756328
2000-02-06,-1.8822653068516089,6.249908868203524,-5.655069513073919,0.30560694098958885
2000-02-07,-2.2534233602863947,7.124199081114526,-5.368482910091405,-0.6259242581869456
2000-02-08,-2.4634278937909553,6.568509181555694,-5.518435372823099,0.44834487080390895
2000-02-09,-2.492312824833447,6.483038317475296,-5.024055656773098,-0.5294474390466827
2000-02-10,-1.2211165306515344,6.265125614825785,-5.236310501880426,-0.9938590845675268
2000-02-11,-1.3779011387949573,6.456729305045852,-4.482308188149651,-1.1680180940181388
2000-02-12,-0.5188408083199959,7.364653041030651,-5.275949258163211,-0.6693544776167534
2000-02-13,0.06442211892124583,8.891210709324138,-6.535564959071255,-0.3896401331357991
2000-02-14,0.42985085758826536,8.336073907861488,-6.774775344304524,0.8400617042524945
2000-02-15,1.198970603410147,8.09231580737048,-6.442450333262556,0.5815578447498805
2000-02-16,1.0472623690826353,7.4684784238383415,-7.324558382858285,0.3142654531810947
2000-02-17,1.4681794061353177,10.041104729051428,-8.732775291885034,1.205895186464827
2000-02-18,0.5471940519526229,10.028780183546106,-9.17083269227739,1.0367403580004155
2000-02-19,0.9627670464672896,10.947828418040146,-8.994862258512795,-0.06782432077842082
2000-02-20,0.8429505164985496,12.03299878625256,-9.356378737110084,1.435563212555989
2000-02-21,3.2474002419794967,12.863205131613896,-10.528507644418335,2.288897130167025
2000-02-22,1.4799692220239153,14.676638263670657,-9.049140716925496,2.7700421014667005
2000-02-23,0.9496811012948448,16.227041064356893,-9.355787533992176,3.6337586708792875
2000-02-24,0.4349518739425101,14.361134457474991,-7.425477094540744,3.3083635193021768
2000-02-25,-1.0901670996984167,15.303041887902266,-8.605967355246904,3.5674930899056143
2000-02-26,0.21894170596272255,15.609212602345172,-8.170954732281842,0.9405000974102009
2000-02-27,1.0480443366773895,14.129955963977052,-8.924526820027465,0.48086015976788016
2000-02-28,1.4140709046087854,14.365606506486676,-7.872764632952611,1.0335257536290035
2000-02-29,2.2701464919300824,12.619025351535736,-7.5451694753618,0.08440756270005434
2000-03-01,1.7779431495225444,12.4185948984945,-7.12854937112744,2.007565515306524
2000-03-02,1.2495637183384694,12.223310003092058,-6.632349323312036,2.8920218131367896
2000-03-03,2.710603980014201,13.470198335249348,-7.366515681675822,0.6466051643231703
2000-03-04,3.3919210176168235,13.23363589145746,-7.2438129194177066,1.9114337345821784
2000-03-05,0.47033941244441335,12.517034339299116,-7.964921325032758,2.5291738655480738
2000-03-06,3.252843896868922,11.844694459253722,-7.61204718500101,3.935619782666305
2000-03-07,4.490422002414023,11.60048963029763,-6.6839114487028635,3.8711438430189604
2000-03-08,4.379874333340966,11.197071316053743,-8.396697356600827,3.682994302061681
2000-03-09,5.200017074320261,10.983614024014628,-7.262988966550339,2.498879315939642
2000-03-10,6.047924850313926,11.258422734864755,-8.33750544629661,1.3182456554540014
2000-03-11,6.288953730099179,10.380802980803992,-7.341946940964736,0.29121652588471836
2000-03-12,5.8434878641997505,10.451866569286096,-8.285386365176587,-2.733277514816298
2000-03-13,4.02429973861323,10.796646814970769,-10.036822072567661,-2.791852294764357
2000-03-14,2.1746300678990167,12.631354085545173,-9.26691101444741,-2.1553463701576976
2000-03-15,2.709358976004375,12.292182786880279,-9.097454730936388,-2.4584717761186416
2000-03-16,3.3485864373447534,12.138271160588383,-9.377413412867094,-3.2429899926920385
2000-03-17,3.8627300897341375,12.238606516054507,-10.754731008780983,-3.6783111802068458
2000-03-18,2.951639377971281,12.326133985924129,-10.547141924895897,-3.6425233238480743
2000-03-19,3.2567808360459494,12.801603926804496,-10.978863195707573,-2.3611411053780005
2000-03-20,5.6919444014083265,12.933478569094943,-11.856117594557809,-2.224429398376803
2000-03-21,4.854059549476393,14.180462645421327,-12.183290019419353,-2.233427496152513
2000-03-22,4.890730682388255,12.601457405362174,-12.874454340361567,-2.6161935993678407
2000-03-23,5.906362126803472,14.758556977669873,-10.020540261943829,-2.2599573575141703
2000-03-24,4.7246466973612415,16.42554208302062,-10.43409918277496,0.4742483900014025
2000-03-25,6.318906160950272,15.852641880412023,-11.059489407493674,0.8413471222394991
2000-03-26,5.814522437214538,16.479212377758756,-11.30909171542107,-0.26111602335153894
2000-03-27,5.429066515479958,16.271015321510674,-11.97900812515332,-1.32645593654282
2000-03-28,6.135456976840426,15.742702777974909,-13.996597429894411,-1.454764689838757
2000-03-29,6.213462402072167,15.599814506136806,-14.735495914366172,-0.7954282833309094
2000-03-30,7.842000907328716,16.73984789854885,-13.205709124487687,-0.72723428111632
2000-03-31,8.353188799155728,17.396752168885882,-15.577476189000752,0.02770802218728341
2000-04-01,9.232248979318157,16.304947804300937,-15.912785286109205,0.022395591335632167
2000-04-02,9.299035504912446,16.115357093793936,-16.813714582411652,1.1354717401982848
2000-04-03,8.942725608162473,16.980444771821503,-17.279424308785035,0.799883530900855
2000-04-04,8.375816466261677,14.967044209778853,-17.07638716126528,1.760209561639561
2000-04-05,8.88153740370021,14.529558151818202,-17.65356257594841,2.211319553014564
2000-04-06,7.995057007380677,14.360411302145241,-16.4423071221913,1.117311351463751
2000-04-07,8.668432875300136,13.170306110315163,-17.170266986269496,2.4542305569814067
2000-04-08,9.51875878878056,12.467510421376911,-17.164781102202973,3.0749067750898815
2000-04-09,10.095965211453171,12.20496362584674,-17.59589510885856,4.102914050689646
2000-04-10,9.877096551710398,12.692237957982583,-18.166422529664114,4.188089556212403
2000-04-11,11.218395481789628,12.668563162887923,-17.126019271647834,5.853402689004211
2000-04-12,11.549875348949472,12.527113312026819,-16.37404891489316,3.82850714966247
2000-04-13,11.679653879299,11.86346455242345,-15.710248330478013,2.974624468867872
2000-04-14,10.150183882427344,12.503078976642895,-15.561798147528004,4.4047786058636955
2000-04-15,9.89433604795135,10.789078543183514,-15.774874311035907,4.248193415314065
2000-04-16,10.110623650797896,12.579809046045968,-16.593748446440774,3.7962575289201217
2000-04-17,9.780415881851072,13.490170125982681,-15.626787841108772,4.320189061564084
2000-04-18,10.176008774361865,14.09868324292148,-14.14400410855783,4.587385513418362
2000-04-19,10.182906107069712,12.734023055914063,-15.819188633174516,5.863325530875089
2000-04-20,10.69517273592946,14.659128741109967,-15.267779767575036,8.113012807630357
2000-04-21,11.600858572788397,14.406500930551362,-14.695369035689897,8.153967394202262
2000-04-22,12.838583674168634,13.272565790054106,-13.39959880865038,8.118791367733937
2000-04-23,13.174800101438917,13.163993752327908,-14.890227223985391,8.42152945602118
2000-04-24,10.200214923250794,13.189467194284104,-14.645246998592077,8.595047846053268
2000-04-25,10.300394654841702,13.37665444293671,-14.950873418525438,7.720501957337998
2000-04-26,9.517138967987322,13.138573965890572,-17.748166420374464,8.956424069222985
2000-04-27,9.394458418472436,11.73038422872057,-17.226227264062658,8.803337179532873
2000-04-28,7.828781852883401,13.180189210255975,-18.210453211939036,10.18824561260206
2000-04-29,7.605493978291368,13.942603056548979,-18.43398162951562,10.270102052005015
2000-04-30,7.821886654643341,13.83721237127982,-17.713096480938166,8.555238420385061
2000-05-01,8.025740595682086,14.371106729610661,-18.35145220371944,7.8438855607875215
2000-05-02,8.631429814264386,15.02187945901139,-16.867720222133766,8.232278013098037
2000-05-03,8.482659583269152,13.754024947856108,-16.251779067852247,5.94083454897261
2000-05-04,7.4997708538345185,11.936974715478518,-17.714761837474338,5.894083392079319
2000-05-05,7.831819610487947,11.274457057415733,-18.302823499524788,7.883911891315832
2000-05-06,7.333350600602474,12.784205072257995,-17.423970608435162,7.015688323828466
2000-05-07,8.586278751800645,12.393045167711236,-18.28557802848869,5.287785807197544
2000-05-08,9.974444680643932,12.223469590640315,-18.026276298410814,4.838432077218991
2000-05-09,10.605830039259418,11.637047724228053,-18.055087882602972,4.2806413163230355
2000-05-10,9.724803215244199,10.79655370640434,-17.549858745923935,3.7975578333484235
2000-05-11,10.562055753073075,9.310200270340685,-18.29874206320836,4.66734268775015
2000-05-12,12.817140025684647,8.926201234375826,-17.09441416839205,4.631667184565649
2000-05-13,13.69162845258145,9.92203260078771,-18.369219207848676,2.6461066698338342
2000-05-14,13.636075541089884,9.457714109970942,-18.596533987093643,1.9874516117436278
2000-05-15,13.058849696392409,10.125483648706927,-19.029121168719563,2.638051181450937
2000-05-16,13.498898017080116,11.745077487674955,-17.733023232621523,1.2741404222216537
2000-05-17,13.635977748654241,12.34122531607712,-18.136115992096702,0.6249913191586777
2000-05-18,14.623776067389205,12.656618999409105,-18.513632658899763,-0.20152648588433286
2000-05-19,16.537760554184462,12.292103282158525,-18.27622697387143,-0.42930794434489555
2000-05-20,14.518379233041587,11.672842654293941,-16.181209079634993,-1.3446955847617703
2000-05-21,14.028043757427499,11.931072967296132,-16.393451546362595,-0.8671845488819226
2000-05-22,14.310387860816828,12.04678339558328,-16.2326488401193,-0.631354925639717
2000-05-23,14.176050424786625,13.526970002073476,-15.922980513478013,0.48399394006955
2000-05-24,12.908366098539451,12.671704291851391,-17.360717781986203,-0.3378469179933875
2000-05-25,12.928810356842657,11.393844072193414,-17.313871079134657,-1.9544699827809913
2000-05-26,12.791356961319321,11.007681385170681,-17.090509360176974,-1.297981451768162
2000-05-27,12.86106668256176,12.214894200783144,-17.584148577532684,0.09096831865664723
2000-05-28,13.009534861057084,13.462349169223655,-19.305496155281183,1.6980966175808565
2000-05-29,13.799348456683202,11.02717286225339,-19.19374372954447,0.0995971630081931
2000-05-30,15.721896761181746,11.23708326860853,-18.91885381207318,-1.562085673604885
2000-05-31,15.94872374843979,11.717920742480612,-15.651090066648884,-0.9610620389333295
2000-06-01,16.739280591565237,11.193579855445208,-15.647138306803203,-0.427071859868435
2000-06-02,15.953451321030034,11.012085216277722,-14.94803456228433,1.3688941295051271
2000-06-03,15.46834386511584,12.425149012026862,-13.94770930408704,0.023663473064958973
2000-06-04,15.545780908696479,13.26337232733395,-14.609549781352401,1.4838841173540174
2000-06-05,16.48276131730931,13.213643071185146,-14.173577653720567,-0.08299144503154454
2000-06-06,17.096794159148637,12.364862141503298,-12.106402221684675,-0.006044830802009377
2000-06-07,16.494775052665574,14.015545685666478,-12.037426213810386,1.5053552857079049
2000-06-08,16.47639504432664,13.816896949605413,-13.713094155547463,1.0067115893109295
2000-06-09,16.057272315722205,14.006513756351223,-14.25148228165687,0.6190315827777249
2000-06-10,15.086759668184884,13.241807698156087,-14.84059944179858,1.3691214710734008
2000-06-11,15.278261434817303,12.223894648279883,-14.869146506787521,1.9002343599917508
2000-06-12,15.061673589715912,9.796438212048422,-15.186916815999977,1.5150155398695868
2000-06-13,15.163304571846666,9.363206477968506,-14.669637053017267,1.8946444237489097
2000-06-14,15.076279433077627,8.953640127496644,-14.895034429182957,2.4674739580550797
2000-06-15,14.910016284749037,8.738739601998804,-14.100116457274583,2.1946153812641804
2000-06-16,14.966317068200498,9.993292547398188,-14.98153136528614,2.2379858009638958
2000-06-17,15.654497875833902,9.187213133598688,-15.786328327416374,2.42965208040226
2000-06-18,17.01944305849614,10.156809323472727,-15.56831816574815,2.298913039205636
2000-06-19,16.668970816782245,10.436740524607139,-14.970809817065604,1.741874402709181
2000-06-20,15.598205915215996,12.704254979697934,-15.127412665913226,2.0981517479367384
2000-06-21,14.047045625372727,13.075901261062942,-16.047039810217214,3.669305009765256
2000-06-22,14.476032531644778,14.323661107399857,-16.19326484343421,3.0875215565663425
2000-06-23,14.536876476722565,13.79196803249389,-17.795979635598666,5.534257350581166
2000-06-24,15.56916851164898,14.50131511961745,-17.87046039914108,2.838753031086566
2000-06-25,16.79518111544434,13.973572801367943,-17.126376245297468,3.019416418115829
2000-06-26,17.906691218117498,12.665520032239169,-16.655644682942537,2.3913520249418965
2000-06-27,16.867397054070807,13.092000030009718,-15.143095669804328,2.195231064170892
2000-06-28,16.710842564174293,13.104355719599742,-14.80627054590121,2.2598793209097723
2000-06-29,16.553304535565474,12.847692657990834,-16.229150011767864,3.2934141062621896
2000-06-30,17.34628256121012,11.995713161292803,-15.08598879217195,2.47390120770542
2000-07-01,17.545728702746466,11.601417376969371,-15.054705965692989,2.5949132723691797
2000-07-02,17.49015444696965,12.31300140122195,-14.059144420524063,1.9115152102568358
2000-07-03,15.52364264978172,11.786888075142516,-13.195771510532792,1.8897478506562058
2000-07-04,16.611962479755515,10.720714218642588,-13.264366132931816,3.3041130826045677
2000-07-05,17.263512287090037,10.951698700992257,-14.148074834232112,1.8882101275572687
2000-07-06,18.950611130612646,12.929957648058242,-13.374719264311757,2.052245549691021
2000-07-07,19.596906482427393,11.520731250156677,-14.730176778396421,1.0357148130264824
2000-07-08,17.8746899056622,12.71219185179379,-14.487194755989291,2.8906816401990763
2000-07-09,17.276565989090738,14.692820883533326,-13.87835931493641,3.477715481168681
2000-07-10,18.46926762158854,15.60039059540384,-14.93448418763295,2.343845040581441
2000-07-11,19.185221451373792,15.343343089539381,-16.16152880262565,0.9105232242065209
2000-07-12,18.84480784672628,14.381335302932424,-15.076991746651853,0.4482066539632544
2000-07-13,18.067689959578814,12.853380169555843,-14.077946659996131,-1.7902206291585372
2000-07-14,18.0574713984496,13.588719710076035,-13.63185523704191,-1.6286298991330106
2000-07-15,18.008631320871924,14.820845473696755,-12.700357878835385,-1.0697876108582887
2000-07-16,18.05746038517729,16.949180815142334,-12.869973117055315,-1.2511240613585966
2000-07-17,18.36287368821097,16.8978410523629,-13.132848425415354,-0.8271011959338913
2000-07-18,18.43044089493328,17.214987790570788,-12.962983887669267,0.5211033458651032
2000-07-19,17.686683368488026,16.221973649393448,-12.847857720593,0.9192566427880451
2000-07-20,19.380057350097115,16.116433484182096,-13.052623096502414,0.9915525229514046
2000-07-21,18.512154633120613,16.781246663459655,-12.153441215243584,1.9085989222816009
2000-07-22,17.522730122128298,15.010550784255921,-12.034661676748911,1.8603976003170326
2000-07-23,18.404716951422913,16.203502318539613,-12.547496900847335,0.5174669808660814
2000-07-24,19.76998932914639,16.953147241388063,-13.232422912031526,-0.00988425990946351
2000-07-25,19.301526249677188,16.412269676440886,-14.050314754439626,0.051792246338598795
2000-07-26,19.9906169138127,16.005328949451975,-14.061294274377175,0.4427064667761811
2000-07-27,19.19301083393858,15.276070226875003,-13.987896414542702,0.5549108487675364
2000-07-28,20.00852893270443,14.337923951726522,-14.667116298576818,1.7328368677231567
2000-07-29,17.929067942300392,13.616091316948355,-16.125870244328368,2.2412962710535727
2000-07-30,15.374786228085606,13.306076564927164,-15.33429169256514,3.607425519885318
2000-07-31,14.679599506555746,13.464461092392598,-15.264768567282067,3.7774282453220644
2000-08-01,15.378981925939994,13.154895710543165,-16.502304797004367,3.0338545761901976
2000-08-02,14.412201769556221,13.261397549416351,-16.56601100268363,2.8578703282345903
2000-08-03,14.766528687839081,15.175040047431445,-15.999832533849984,2.472072870797556
2000-08-04,15.20782351001852,14.20910559062077,-14.973899988139399,3.670254442376608
2000-08-05,14.965441200688584,13.267101899773396,-13.932809531407546,1.9559867833683702
2000-08-06,16.511452185968658,13.592760111980777,-14.938900838347749,0.8373511998851366
2000-08-07,15.465524970190373,12.744776912164754,-16.12881180880462,1.3036626389102661
2000-08-08,15.039742301565996,11.448987568832578,-16.29550529230019,0.08321016322198616
2000-08-09,15.723960604035382,11.904263826625852,-15.620348428116857,0.6254493933257681
2000-08-10,16.223975842399312,12.96261947277919,-16.481310877142402,0.9743548698070372
2000-08-11,17.293703935170598,14.944429519164716,-18.680133934475133,-0.5120503508089294
2000-08-12,18.46560805748923,14.552797137928305,-19.181593983918464,-0.005362656996887316
2000-08-13,19.76835594205703,14.168649713459873,-20.136266070869063,-0.20790627850167542
2000-08-14,21.567882032520238,15.161241573344688,-21.686046972270994,0.04001361922824115
2000-08-15,23.565504638834668,15.780913749625695,-20.98555361239802,0.28602302698395876
2000-08-16,24.346458681455548,15.376787230140648,-20.786866880859282,0.8900310997488561
2000-08-17,24.186819334245946,14.333751563716545,-20.67091954837691,1.4254367392825222
2000-08-18,26.163132104889712,16.054497151692885,-21.12267851683305,1.018778252861541
2000-08-19,25.18731491368758,17.500248401377032,-22.619905507869657,1.5456174764632518
2000-08-20,25.10038226515906,17.30707811670475,-22.89030703794703,0.21720426931867354
2000-08-21,24.427573631671454,16.051510203413624,-23.03500078075361,0.34599422518818623
2000-08-22,23.324047974971496,16.674996614450457,-24.192365936454742,1.0770529559251432
2000-08-23,23.03816583580261,15.360716963569947,-23.330193166625047,0.14705654463655704
2000-08-24,24.629073195353953,12.623348588747206,-22.55324897033322,0.7632354385929352
2000-08-25,25.797728402143296,11.726093872767366,-22.853076415487294,0.028325142808588555
2000-08-26,24.543657973695048,11.540642915656868,-23.11550161331371,-0.7970655345468305
2000-08-27,26.017613006807906,10.622737865624241,-24.871428070090836,0.03487759311941563
2000-08-28,24.46708921553652,10.264656961478693,-23.270764826018972,0.9377120739313478
2000-08-29,25.973792195735847,11.947675724699186,-22.833233385416523,0.04455747802930732
2000-08-30,26.029358275137387,12.683477315710144,-24.846755604134014,0.675081904635254
2000-08-31,24.488375384415576,14.224228159428858,-25.55386246577538,0.7257238723727015
2000-09-01,24.753461119933856,16.442369289197096,-26.69048837863056,-1.7721209895932888
2000-09-02,24.719059741134096,15.695639270657955,-26.247605321240172,-1.9534587385018096
2000-09-03,24.876608989144213,15.30738987914275,-26.23221921635827,-2.4138589042918106
2000-09-04,23.92981271386998,15.559893840472801,-24.479557696247795,-1.4979278705211194
2000-09-05,22.924758210903338,17.032094756258598,-24.40627521786483,-1.406275304139959
2000-09-06,24.23013522239499,18.236428421841012,-23.966282398089497,-0.2189053965544696
2000-09-07,23.3634438531907,20.121208112283515,-23.4695931936461,-0.15881413782697867
2000-09-08,22.3939092365137,18.291004448320685,-23.31901126843776,-0.874434270936078
2000-09-09,22.092522548316758,17.216814009676646,-22.428574203428887,-1.3274535669600223
2000-09-10,21.055682117516238,16.60906490954841,-23.249991282833044,-1.516655997669446
2000-09-11,21.38759687619765,16.353517353521877,-23.194624683230373,-0.36987150764432886
2000-09-12,21.063113018058317,15.982105603732842,-23.220645712439122,1.378877642783122
2000-09-13,21.05149422340688,16.42925549214345,-24.80274463727857,0.34978629594195243
2000-09-14,22.600550278871363,16.503992715468495,-26.860669448189306,0.4144827045260001
2000-09-15,24.767760638272136,16.109581328875823,-28.44997341402378,-1.4406901060680046
2000-09-16,22.918899959125095,14.679658466206638,-31.047131912689828,-1.3131596023730598
2000-09-17,22.90657746527973,14.80833374053691,-32.975562899676156,-2.4372513409123258
2000-09-18,22.652926874922066,17.371425579168474,-33.11326846814855,-3.857749441970695
2000-09-19,23.754728628428374,17.98022295942038,-34.350855965528936,-4.193015182316599
2000-09-20,23.50099873949042,18.80679718848366,-33.624185248572616,-2.752638331101404
2000-09-21,22.80387076975992,18.915933343710066,-34.166375238327554,-1.6511266913386826
2000-09-22,22.509650796449705,18.42487647443156,-33.378956075449395,-0.9173548162181246
2000-09-23,22.112526460421744,18.032429042173607,-33.59183081597448,-0.6357757567015423
2000-09-24,23.1013695274874,18.350070935984544,-32.33733737710268,-1.1110765380638146
2000-09-25,21.183187347162317,18.455122014604882,-31.796309316187273,-2.1626538353816613
2000-09-26,21.35313851404369,21.02309831621739,-30.80464929013716,-2.7362216198462015
2000-09-27,22.368130804951694,20.852770075235888,-32.27983523478769,-4.482899815073747
2000-09-28,22.886695160949827,21.358806831562354,-33.34387234478446,-4.60261915295498
2000-09-29,24.13907216269371,21.08256058499035,-31.722536672480114,-5.968367252391598
2000-09-30,23.065960026258438,21.246970819428252,-33.24759485368815,-3.8775687721844365
2000-10-01,24.068494908556552,19.856473234513544,-33.49680625406401,-3.9038978301252847
2000-10-02,23.59352733313138,21.325533284363846,-32.70538690550545,-4.409959202591924
2000-10-03,23.888005348360736,20.302960857966983,-32.94399364733107,-4.444348155086945
2000-10-04,23.64152802461018,19.95894860099087,-32.25715220809472,-4.2689607313294085
2000-10-05,23.058744153498377,20.41755725849052,-32.25168558451084,-4.229131274120708
2000-10-06,23.615031655769073,20.401910372224545,-33.858089320162485,-3.43648737982082
2000-10-07,23.173358640358437,20.32144833756123,-31.205644310075776,-2.3062903874161944
2000-10-08,22.42552703834001,18.751925272235496,-31.20962745591,-1.0168479069026168
2000-10-09,23.96399880013061,17.265796881639393,-31.47150024245489,-0.33827192905130776
2000-10-10,23.364258621585435,17.37913297849918,-32.04080083327672,0.03653332025095535
2000-10-11,24.125661953597845,17.0540550964452,-32.54819913651209,1.4399256725523073
2000-10-12,22.069167599164597,16.33471538259179,-31.360471330679427,0.7540466059519975
2000-10-13,23.721382846615438,16.695566330956503,-33.285517636764666,-0.09912749056778514
2000-10-14,24.661382301130406,15.493468608795899,-34.21239389836353,-0.500271789728509
2000-10-15,21.99287291730151,15.937362761123625,-34.29032066887611,-0.7754661896820771
2000-10-16,22.583918925728398,16.235902195432573,-34.30836957881129,-2.2407290957155377
2000-10-17,21.347573662116517,16.216865925765266,-33.782427369679745,-2.274917276413456
2000-10-18,21.372605311826558,17.1373924832263,-32.50733543903226,-2.2349092765425818
2000-10-19,22.74867835942493,18.113200689992368,-34.76918260243949,-3.088289901824174
2000-10-20,23.171742094501788,17.55501674150832,-34.61827678670871,-2.786993439875405
2000-10-21,23.452912660132995,15.781637635349481,-33.76104074386089,-3.280053665973297
2000-10-22,21.90104699316078,17.025324913663123,-33.234437087943554,-2.857062923285475
2000-10-23,21.990055151892413,17.674167834833156,-33.1443977882579,-3.0831342725607165
2000-10-24,22.93854956569311,17.649408484673234,-32.20728746049091,-4.363175048447722
2000-10-25,23.53723345591835,19.262577621943475,-32.184417237535584,-3.4573263044368447
2000-10-26,22.92437366607083,18.93883368397201,-31.12435772802679,-5.311246139644847
2000-10-27,25.25004547107592,19.197586290267232,-32.5251691724734,-6.586461436861461
2000-10-28,23.97895678774092,18.783328366648277,-31.966432861494155,-7.6524664388352175
2000-10-29,24.578976335365187,17.756053687232527,-31.468117487153034,-6.758275802844785
2000-10-30,24.532336661806028,16.255934924151727,-32.050031700499005,-5.0124953441639075
2000-10-31,25.592939501015294,15.444608736169316,-32.94320306489788,-4.1329411917011845
2000-11-01,25.699421805184794,14.585924864158372,-32.65873962051862,-5.0509548300508795
2000-11-02,25.536821701685334,16.06627626091761,-35.46507216907404,-5.488485813971251
2000-11-03,27.67331771123569,15.845118139641006,-36.20387391987622,-4.636061346138788
2000-11-04,27.424815321784852,15.599649673442133,-36.67508669390004,-6.375483110826981
2000-11-05,27.96861428437487,17.526794556029202,-35.34441194537292,-5.8937586835207565
2000-11-06,27.191082716267886,17.19750903548105,-36.36411893304433,-5.7037216796283445
2000-11-07,27.189681298070013,19.08278163163662,-37.76276329259372,-5.327369210773951
2000-11-08,28.02466497604395,19.716546649451207,-36.8402234802008,-6.751653905601376
2000-11-09,29.015840580245126,19.980023167850565,-35.59428101994408,-7.003082460597586
2000-11-10,29.125204097715848,18.93206793174879,-35.84643534316215,-9.881810369287646
2000-11-11,27.307515686291403,20.527855890530994,-36.16267569098751,-9.969190409236177
2000-11-12,27.432409597498577,22.41878765548789,-38.088702323409294,-8.402593999182688
2000-11-13,29.113144828188222,23.7807216995055,-38.757577098240425,-6.428741176586813
2000-11-14,29.996027248538564,23.180233950511646,-37.484856677257014,-6.954863716927161
2000-11-15,29.84139720554836,23.796451227294344,-37.2622500140842,-6.43867434076406
2000-11-16,31.30067544068759,22.334280847986715,-37.67510614554831,-4.980382356688743
2000-11-17,31.173233182649092,22.5571538347499,-38.237565869731284,-4.792940188707861
2000-11-18,31.148488410905863,22.895830840538224,-37.600515447534605,-4.767468810034546
2000-11-19,33.067096472201214,22.515219862609122,-37.49687592263034,-5.433370515932943
2000-11-20,32.28203029484084,22.80492747539809,-38.71752820159956,-6.563867617613535
2000-11-21,33.08273745687077,23.50859885327302,-38.2470650941929,-5.993795553488703
2000-11-22,34.160890734591014,23.48119603862948,-39.50982321096802,-5.936708133602895
2000-11-23,33.502414182027046,23.803453673555154,-41.05475898287989,-5.491188141868601
2000-11-24,31.906194149028245,23.171487865747455,-40.815440938754186,-4.17256654030109
2000-11-25,32.179617283452586,22.447030023523077,-41.417133072847584,-3.9028877076552067
2000-11-26,31.355055413408433,22.347944720183115,-41.13276183798879,-2.4443573387238615
2000-11-27,31.275357381099017,21.80291275095099,-43.02554597424472,-2.68675172255384
2000-11-28,31.82500211327729,20.91713471143226,-43.7174838186957,-1.7953459951766764
2000-11-29,31.9395322908778,21.057617387156267,-44.434008375864586,-2.8920803391726615
2000-11-30,31.879700319736227,20.50467878825144,-43.59896634964515,-4.799806671903468
2000-12-01,31.04507419835225,21.07451941303645,-42.21867624757768,-5.316914174428573
2000-12-02,29.131932728846397,19.946704332086803,-42.22751077997933,-4.98065863838206
2000-12-03,28.97678853015299,20.019960532885626,-42.75359713582506,-5.2737458697977875
2000-12-04,28.131776394237672,21.143567199993843,-43.063051981824884,-5.480584813154286
2000-12-05,26.97286660532951,20.327224390895907,-42.67987794266519,-6.147213527382762
2000-12-06,27.936476988527456,19.895286444445034,-43.4291006591572,-6.985452268667489
2000-12-07,28.67354790199915,21.355217869411305,-42.8396128912711,-6.719785347226013
2000-12-08,28.669220361997542,20.682223154377695,-43.49121617328998,-6.9484227417101065
2000-12-09,30.41352655208334,19.674662159895544,-45.66098926225368,-8.249607977960462
2000-12-10,29.72204095181001,19.217535075724093,-47.22710387833685,-9.487476441676556
2000-12-11,29.31806612287856,20.650260848267504,-45.6607810473011,-8.954074711842823
2000-12-12,29.72336829318027,20.17991176840495,-46.21239175289935,-10.381433794158529
2000-12-13,29.514376702888875,19.598093561270446,-44.99436584238791,-8.331871056634565
2000-12-14,27.66306712374663,19.381351607911643,-45.64271204865532,-8.826706716363226
2000-12-15,28.095327412327283,19.90249028242288,-46.26321624231474,-9.321365148611937
2000-12-16,26.257065578049485,21.249842501656225,-47.86598153814682,-9.56253518080805
2000-12-17,26.90383436909268,20.26925661835813,-47.6388011426551,-9.188724069258956
2000-12-18,28.042289176496315,18.73658520274604,-48.390296301397946,-9.746047319131383
2000-12-19,27.58036376011053,18.31294310118862,-49.7247400736956,-10.06443212110519
2000-12-20,25.940594842167396,18.29435866400906,-48.53589461066415,-8.167879673379751
2000-12-21,26.18020501532604,19.26215152625218,-49.82396452666163,-7.450383388842934
2000-12-22,24.595153880069617,20.01411088080432,-49.214952075142904,-7.0249081190498295
2000-12-23,24.962347560875656,17.754157895093435,-48.3314902236512,-4.999119595779051
2000-12-24,24.914655469683982,18.2476356214452,-48.34189528455409,-5.705062477196652
2000-12-25,23.8883801400774,17.802421927218294,-48.31837202466501,-5.439321524731828
2000-12-26,25.047775570620693,20.6258038327219,-48.020837418164675,-5.634371725640353
2000-12-27,23.800522519407263,20.917535293144976,-47.92069544334792,-5.722475979686936
2000-12-28,24.47092842601416,22.38401273264833,-48.327771453660155,-6.718576780004095
2000-12-29,24.75196975535557,22.56096950204736,-49.10275435483462,-7.103988099666744
2000-12-30,24.78015655229381,22.631143236353697,-48.88688887316035,-8.171170861377245
2000-12-31,26.837999157136657,22.266439010293297,-48.81063778488582,-8.760968088472634
2001-01-01,26.447983266783268,22.141577485908776,-47.86345585131809,-7.314680252700423
2001-01-02,26.832973701725038,23.18034849683092,-46.86017264917158,-5.736425351131261
2001-01-03,27.09769262376226,24.338706799058038,-47.2953722539584,-6.2060664375875865
2001-01-04,25.677794928885664,24.27690793464474,-48.104188385680885,-7.8361727474089315
2001-01-05,26.529957650436693,25.193076742041384,-46.48860552838564,-6.60197470716147
2001-01-06,26.2377164924779,24.217086254137637,-47.58173390977129,-5.328897980450468
2001-01-07,25.686669867241108,23.441669429199358,-46.49624390598632,-7.056714017882594
2001-01-08,25.119112793023636,25.770310706884608,-46.93832682050825,-8.795831760721581
2001-01-09,25.922873900249353,25.596165052436653,-46.81382880912994,-11.061677261502442
2001-01-10,25.06247941626821,27.448798684830592,-45.199853022752315,-11.660465750737435
2001-01-11,22.288525401380433,28.440761243249796,-44.890453952710644,-13.782844371011107
2001-01-12,22.530972104985697,29.41101825783483,-46.960994561565755,-13.778053729496857
2001-01-13,21.11882634296043,29.243126019496245,-45.419443396980725,-16.07867181601491
2001-01-14,21.21569758309522,29.522057886381283,-46.08578310453165,-15.575770604792016
2001-01-15,21.45483265673096,30.5889248956539,-44.31806326443329,-14.905967718849624
2001-01-16,20.536729858687362,30.84519657878152,-43.62942625161731,-15.50682162487467
2001-01-17,19.802618794376162,31.30307181319766,-44.02064163055863,-16.429135278764004
2001-01-18,18.85071150596892,32.13700587297214,-44.97163243909915,-16.43151591269174
2001-01-19,19.41801961641549,31.92261214347744,-44.541279540938596,-17.72638556404502
2001-01-20,18.720042135684363,32.866387228719574,-45.74062918637206,-19.147974390417296
2001-01-21,19.583208946326124,34.09718338809199,-45.97091518388741,-19.932784908318144
2001-01-22,20.097897271558185,33.4603450949456,-47.027885860330684,-22.09504292320386
2001-01-23,20.911605013897322,33.16794286382569,-48.510908321999004,-22.97851737245377
2001-01-24,19.75841092489586,31.56055760728542,-48.18376262616539,-21.245194722200985
2001-01-25,21.00463409431106,30.920593790051125,-48.78132592291737,-22.24765134175303
2001-01-26,20.57891027200563,31.41559225061184,-51.289506846223304,-21.73176466719968
2001-01-27,19.6733672974275,30.37279910027562,-51.12974352745968,-20.646470500332796
2001-01-28,17.63727268873674,29.63510695080051,-50.4197687992221,-20.533257626758008
2001-01-29,17.29760756528221,28.594442369759093,-49.99832645546168,-20.149883307312958
2001-01-30,17.512157668010175,27.566893803856622,-50.35455213855495,-18.73236633352658
2001-01-31,15.598297176040493,27.079484215318004,-50.510129016331774,-20.043289854090514
2001-02-01,15.823496525728407,28.49652812962861,-49.282596564555696,-19.41329213564025
2001-02-02,15.448180522254836,29.694250365162794,-49.83776480444759,-19.681281864712226
2001-02-03,14.658779978695087,29.574671246131622,-49.8282336101591,-20.055780491765372
2001-02-04,15.209832291359316,29.788801690637367,-48.53069287674982,-19.06111388571277
2001-02-05,15.55489058320958,29.57069501736972,-49.940306590998944,-17.534597011724735
2001-02-06,16.241461632815984,30.31269310499674,-51.00451991867259,-17.980401743139474
2001-02-07,15.290347286621191,29.423143721997153,-51.46882894008074,-18.45944112721508
2001-02-08,14.816701664244357,28.046862216765447,-51.754724097794615,-18.810995639952722
2001-02-09,14.453712134498721,28.969151358655097,-51.31570954227302,-19.969831883726147
2001-02-10,15.454660574236994,30.086508330617477,-50.76635967673346,-20.89950232941352
2001-02-11,15.524967245578818,30.42953668554957,-50.04892667463143,-22.64753189296286
2001-02-12,15.378514189045282,31.8519496464618,-49.99795105477189,-22.170868845449476
2001-02-13,16.075141231367322,30.836963756888807,-50.359121070599066,-20.584002862480133
2001-02-14,17.8887567593198,30.84640563838864,-48.597098434325254,-19.63771930086268
2001-02-15,17.540045492306152,31.7929261250328,-48.505725305216714,-20.105979839609134
2001-02-16,18.172572672614617,30.84054544847491,-47.354261834135826,-21.084101104912715
2001-02-17,17.945988327851804,29.20954249953302,-46.388144413890664,-21.629231767970087
2001-02-18,19.577718153610896,30.770502414357672,-48.25965479027306,-20.27376132484806
2001-02-19,19.905536777702487,31.942207603960732,-49.17924090936563,-20.950911625893564
2001-02-20,19.74608239433808,30.249999511578373,-48.66022215378818,-20.418250637186176
2001-02-21,17.988092177049698,31.40682386806573,-49.42729599738878,-20.119316718008275
2001-02-22,18.725044921018526,33.1043833446968,-49.4532326868731,-18.85558065049256
2001-02-23,18.22368375375457,33.73645316404464,-48.48500666268368,-16.973551691378137
2001-02-24,17.53476195818816,33.26712384757009,-47.37815239658714,-15.966411261250213
2001-02-25,16.6641432335884,33.484487024059,-47.35839328063527,-17.970599439269183
2001-02-26,17.319713132154153,31.876926796829732,-48.863782505664574,-20.03064342625499
2001-02-27,18.505356265618946,33.71881333136727,-47.617902535806614,-20.024549494823226
2001-02-28,18.20314824404946,34.95225968332108,-48.12483367977356,-19.599431690425313
2001-03-01,18.32401140589287,35.72871808011296,-47.18963059754175,-22.653092125531224
2001-03-02,18.145904965897653,36.386456390290974,-48.91504426679779,-22.55361562170751
2001-03-03,18.59913935150379,36.4372415161745,-48.736835093808985,-23.179333865218894
2001-03-04,18.99266437431161,35.43706452045719,-49.697010419417225,-22.32658653009798
2001-03-05,19.247681448244524,37.021735533465545,-49.745945670672434,-22.597416769808536
2001-03-06,21.085362713623056,38.700767812380136,-49.570235456682965,-22.30832762232465
2001-03-07,21.75124018557455,39.38314295338008,-49.01315445729027,-21.03388969888311
2001-03-08,21.96125714326985,38.74902127845204,-50.952308133628215,-20.473663109131973
2001-03-09,22.60071317126513,38.5328953494444,-51.294199491782074,-20.938270404117194
2001-03-10,21.610472452040426,38.69371726341438,-52.04802268353151,-21.43425056620665
2001-03-11,22.49469102764981,36.479770942470445,-52.219833183485456,-21.07004872637783
2001-03-12,24.13588452487124,36.761665908628096,-52.729535018138456,-19.885613369938266
2001-03-13,21.636668348879777,35.70122075235424,-52.86852479044481,-20.163695779026135
2001-03-14,22.374580519417943,35.08624829972335,-52.72132963595434,-20.37657182143899
2001-03-15,21.96311847769451,34.20699812673859,-53.31199387160783,-20.404502115823938
2001-03-16,21.91544558860388,33.26621416542708,-54.371870314352336,-22.113342319483234
2001-03-17,21.24297269727401,31.788678765847116,-54.21480063071892,-21.556412590270554
2001-03-18,21.02020518463022,31.28535734262821,-53.44235135411167,-22.248483209085986
2001-03-19,20.762768604415722,32.05525711734787,-52.05878061310879,-21.193788048117362
2001-03-20,20.973043307786437,32.7251331863995,-53.72406110371703,-19.1820640859306
2001-03-21,22.80856353818697,32.22501060643001,-54.13850705419211,-20.262062818320512
2001-03-22,24.779708460012742,33.260083528850124,-54.231568951093394,-19.82949787909456
2001-03-23,23.759271425163128,32.04988396180549,-53.83213774736235,-17.787997054130763
2001-03-24,22.061341754360814,31.939816989069264,-53.534973006435045,-19.63329839231106
2001-03-25,21.65873860671572,31.38028953495568,-53.416414471725425,-19.92450473891364
2001-03-26,21.98198650741527,32.031281695259544,-54.051614416502446,-20.093972978889187
2001-03-27,21.38433570529126,33.00938975511548,-52.713646431629535,-19.92876765596277
2001-03-28,19.894888156067438,33.327373013566515,-51.53169102868553,-19.811691305641496
2001-03-29,21.749756234928487,32.904927990783015,-50.39232585976393,-20.547955370359926
2001-03-30,22.1851823911351,32.33548187818224,-50.59618962722932,-22.302880059233768
2001-03-31,22.278952986010985,33.46931592489943,-49.473339044972995,-21.631806185398606
2001-04-01,23.482014709328684,34.52177883392954,-49.72432030249662,-20.8454520892893
2001-04-02,23.01466751766108,33.93377794426863,-48.92147530176671,-20.960852591073316
2001-04-03,22.281303317572824,35.64244063227696,-50.89827943096379,-20.105869543394288
2001-04-04,21.629721972323672,35.61325335177537,-52.39060756415552,-19.592433780917386
2001-04-05,23.88548172621062,36.762871176790235,-51.80540282480544,-20.69864744192128
2001-04-06,24.77673271073288,36.09563304689873,-52.64069861251894,-20.149269244216217
2001-04-07,25.01469943334492,36.58108211746089,-52.56246249011979,-20.389247690079543
2001-04-08,25.3139579239085,37.596801200714665,-53.07897456284566,-19.513673129354487
2001-04-09,25.471530351535787,37.416700508087146,-52.50523756185117,-18.654052446246933
2001-04-10,26.226090384064424,38.27464314914726,-53.569267984390166,-20.352323065143043
2001-04-11,26.628121848247595,38.3809610481257,-53.87748706097889,-21.79318375417412
2001-04-12,26.351594921739544,35.35739444534,-54.89962884200113,-21.40495618687575
2001-04-13,26.465206173489996,34.42192963932079,-55.10152560684625,-22.094413829361955
2001-04-14,25.577625626102517,35.63756760494398,-54.82200118867399,-21.75831215816225
2001-04-15,23.09464372232833,35.529591877137264,-56.32668703573264,-22.22795320033088
2001-04-16,23.72164765984496,36.95002237541299,-56.22846653658861,-22.416636249575717
2001-04-17,24.671065467770244,37.8690119873787,-55.20935724845761,-21.448953057326488
2001-04-18,23.619636417646404,37.17086418188912,-55.338595826434265,-21.81602406730713
2001-04-19,24.86775041089785,37.64318303735387,-56.21944891023055,-23.92527387151913
2001-04-20,25.545894643980738,37.76220066865937,-56.31658408829773,-23.54869083584989
2001-04-21,24.677472625271488,36.47603978505455,-55.8839306555077,-23.212865855582653
2001-04-22,24.914224408778765,34.867133335379094,-55.954963975335005,-21.91157351599741
2001-04-23,22.062315439335563,35.72027295274032,-54.658452212930314,-20.403599266929216
2001-04-24,21.679208350887656,34.629558936328245,-55.484111482239925,-21.44638089007021
2001-04-25,21.782097064848166,34.93602508473137,-55.405364131301376,-21.517170251401136
2001-04-26,22.86887207831013,36.034600048259655,-55.59184437275936,-19.100045906104434
2001-04-27,22.702650181874404,37.91055557903846,-55.4868707257829,-19.552878626431642
2001-04-28,21.773708970698536,38.68472010452992,-57.00734202606505,-21.03448360543131
2001-04-29,21.08757534183215,39.88577951197433,-57.66715233129636,-20.48553186715754
2001-04-30,20.21601422559033,39.025552846170335,-56.982375724482,-20.16146144093367
2001-05-01,20.32966861370173,40.14036950130115,-56.77824325918202,-22.51069044446164
2001-05-02,19.082190724736986,40.37350287118205,-56.721726412638745,-23.45006421027878
2001-05-03,19.37995093456719,40.21738169617296,-56.66478680746343,-24.396868822026292
2001-05-04,18.66628135006542,40.323090299796135,-56.57767411312223,-24.467515740960614
2001-05-05,18.061109697263905,39.90067494083488,-55.00028494963128,-24.92726758367801
2001-05-06,16.85970196274392,39.95923566328352,-55.362395270467985,-25.664982377464554
2001-05-07,15.876456494194224,40.687487044350384,-56.91087142567609,-27.522180885153073
2001-05-08,16.15809712488812,40.79730545119515,-58.2733157586244,-26.726176200841856
2001-05-09,17.090849640481544,39.94849028889475,-58.12265736332842,-26.236717930626543
2001-05-10,16.912186040865723,40.216086490366735,-58.86807907005249,-27.013695981100277
2001-05-11,18.036012464398304,39.77427191876427,-58.426146517389945,-27.082236639199902
2001-05-12,18.489982335422038,39.843456520378616,-58.62232186279891,-27.075252575060627
2001-05-13,17.73558517467532,39.41703661694077,-59.24269602251112,-26.877422479882608
2001-05-14,18.401177871110757,40.52804235182162,-60.71640231238174,-26.348175630305455
2001-05-15,18.772324275960443,40.56960966138985,-61.605525944667924,-25.803402120829492
2001-05-16,18.61844579145604,39.61852994793297,-61.71949522682645,-26.537219432573913
2001-05-17,16.99237705985796,39.205944584704525,-60.91739652320078,-27.23675943692837
2001-05-18,15.172092482300615,39.46515492679436,-61.272326124742875,-27.334335379402216
2001-05-19,15.071665205327005,38.09636743242488,-62.489932262823274,-27.337118034867895
2001-05-20,13.232882434708282,38.4541242317231,-62.126322142522824,-27.241767532085277
2001-05-21,13.699469792363296,38.50773987608282,-61.03171183978808,-26.840136091515966
2001-05-22,14.504239684492203,38.62569607477245,-60.129778150713115,-25.18910643120222
2001-05-23,15.124020772597834,40.005270277569174,-59.419132163953414,-24.38470591051616
2001-05-24,16.55761586341939,41.71057499639212,-58.55873834503719,-22.157332339749022
2001-05-25,16.022995770887043,42.33417560315019,-57.06522853820628,-21.521352532303002
2001-05-26,16.060995149241805,43.01147639704127,-56.81814420819997,-21.336236576974745
2001-05-27,17.082593109319383,42.23368974979747,-54.825265300715046,-20.85039678660739
2001-05-28,16.027137222225356,42.112778071739946,-54.73931314355944,-20.225528731495658
2001-05-29,15.801275445882613,43.80998764280525,-51.91815592658712,-20.081063811605382
2001-05-30,16.742030238829166,42.732269144394806,-51.88425022703609,-19.388010909866185
2001-05-31,17.219720878881493,41.97425479443803,-52.219393178498436,-18.410003010872682
2001-06-01,17.98921413497623,41.20408940581353,-52.62067888566746,-17.287924366020615
2001-06-02,17.09150240540231,41.5777697958767,-51.57767025200045,-18.486568406469452
2001-06-03,16.31124599619357,41.413925859107266,-53.17079880807979,-19.20518076783804
2001-06-04,15.948107469938112,41.38288852488725,-53.651683095035665,-18.707496869919616
2001-06-05,15.080962884915229,43.08617378223712,-54.668694575882476,-18.57951008892144
2001-06-06,16.88609564715404,43.49937780394474,-53.43738999335431,-19.84581761350337
2001-06-07,16.329831340248255,44.97165522346535,-53.56437055932209,-18.537732345868612
2001-06-08,16.720650885859424,46.599472117357216,-51.029890454006875,-19.116542868075722
2001-06-09,16.726591042714965,46.20034173417245,-52.525943993875934,-19.889622807936913
2001-06-10,16.858443606978554,44.36918439619145,-50.34388706742194,-20.015998216387477
2001-06-11,16.52002545485342,46.071319297838535,-48.952019063382004,-20.732950057475048
2001-06-12,15.732638405609148,45.34187703013557,-51.308220644618174,-20.92373274842426
2001-06-13,15.743413650403811,45.31563906900471,-53.39073551542495,-20.072523688527497
2001-06-14,15.608511289260774,46.46653117371447,-54.1659433762635,-20.709853018586777
2001-06-15,15.343422811329697,47.70807531422532,-54.33231392973979,-21.78846470844956
2001-06-16,15.107607528953107,48.383633081103525,-54.33791752721108,-21.458068073414093
2001-06-17,15.446176761722166,47.38746955867251,-54.83023657043493,-22.561941525860938
2001-06-18,16.38942601000882,48.032787426994524,-55.741405588271036,-22.50620803194147
2001-06-19,16.266971990951344,48.59968429321317,-56.95372975410056,-22.178743866914772
2001-06-20,15.539858449106932,48.75842363868921,-57.05005483899736,-23.50593127672939
2001-06-21,15.268804505941986,49.64957804057442,-57.00362549429414,-23.493867000352456
2001-06-22,17.109464708520285,52.15952270430259,-57.18051566627513,-24.333640154428107
2001-06-23,16.241439377906996,52.70694025681535,-56.85311756997965,-24.45914662618455
2001-06-24,15.557135835434641,54.93541676798063,-55.85656402882625,-26.15430192261932
2001-06-25,16.82479877682447,55.86514700553709,-54.92259606666451,-27.76499124018604
2001-06-26,15.299138904335758,55.458771622018695,-54.580626619552525,-28.01047419842288
2001-06-27,14.089727008923132,54.969354630787244,-56.10914683969451,-29.778682245298906
2001-06-28,12.587779766475022,54.83162339277249,-55.97683947437108,-30.102198495390255
2001-06-29,13.214730132216644,54.10315625775829,-55.43132471893972,-30.97360433017793
2001-06-30,12.256020696526816,53.90447225588463,-54.7568493000613,-30.560232295342143
2001-07-01,11.966022600622976,53.59875013185959,-56.16011760491587,-32.178008943585496
2001-07-02,13.318433414013711,53.72178476921813,-55.714075025941995,-31.271009615068948
2001-07-03,13.22823432643101,54.951096539385674,-53.86884920242393,-31.941748887028194
2001-07-04,12.48888112070797,55.276919143279166,-54.329513550754164,-33.37250249650306
2001-07-05,12.367307285194485,55.41599336670092,-54.85747409323607,-34.834286829351676
2001-07-06,11.91271439005331,56.868205058563895,-56.205460958838835,-33.911366717705754
2001-07-07,12.717360310737591,57.901879664921786,-54.68896069596396,-32.3151668626153
2001-07-08,12.29855919240711,57.355252608592885,-54.9906383060775,-32.87409485509164
2001-07-09,12.926502531645502,55.83215078051594,-55.04305479665548,-33.358596046721495
2001-07-10,12.725852056912295,57.32542269793617,-57.45921478860782,-33.394814416817745
2001-07-11,11.965299439548975,58.203581817703366,-59.4617692474118,-32.83411460451601
2001-07-12,12.89982668320539,59.14762320357832,-59.370948729266466,-31.41788518439101
2001-07-13,12.587425866749346,58.91819841866029,-58.170340711647505,-32.3279621270734
2001-07-14,13.324775050354848,58.646170704263355,-59.319476911135595,-33.05591068579325
2001-07-15,13.990012159244854,58.57663648735377,-60.7151463672744,-34.630938069798304
2001-07-16,13.736753462630844,58.85876035058329,-60.09098366580919,-35.500655998451364
2001-07-17,12.352199435002863,59.52029971864886,-60.86655895461327,-35.59371315977924
2001-07-18,13.037650791757592,59.90081392922213,-61.63475431187442,-34.98415072671602
2001-07-19,13.222532150034148,60.59071446253442,-61.12615905269423,-34.265518050060116
2001-07-20,12.770136912403334,62.49515520180126,-60.48378078756387,-32.559346627322874
2001-07-21,12.845928487845713,61.47652345150255,-60.31825648563488,-31.211856078658613
2001-07-22,11.860599124363084,62.58369799553364,-60.391355772292364,-30.734758004085126
2001-07-23,12.66943464801464,63.41583311636229,-62.82872469826545,-30.4193723882948
2001-07-24,11.012545519284034,65.39490045555596,-62.74568292540502,-29.106841119486266
2001-07-25,9.791338890352963,64.76366920811006,-63.094633684404336,-27.194910314384558
2001-07-26,11.619388962261864,66.09593870327348,-62.647277986270744,-26.45593494604011
2001-07-27,11.357261502784608,65.88639436497414,-62.243230009451395,-25.675162343177863
2001-07-28,11.387868861085376,66.43769051675845,-63.87581834593661,-26.488440196812835
2001-07-29,11.153016813303617,65.25034197185335,-63.21097971838851,-25.1831820198412
2001-07-30,10.14895819784335,65.8905417773674,-64.21002036081858,-26.019169057906996
2001-07-31,9.594770949707648,66.56038085573887,-64.83639439960135,-26.116147485395143
2001-08-01,9.892786343825914,64.08249477455355,-64.1436966946356,-26.82859199888688
2001-08-02,10.076772288978553,64.1537010780967,-62.92406555781496,-26.622059637941085
2001-08-03,9.58369360207668,65.67409744504714,-65.28545961791094,-26.546149124960692
2001-08-04,9.805592441176596,66.43229384769543,-67.24010798162836,-26.35438751008913
2001-08-05,9.672938216146058,66.54543259221664,-67.10421968056926,-26.463967033024737
2001-08-06,10.462964539033132,68.605874220381,-67.7021355137838,-25.764023662457312
2001-08-07,10.211867606492518,66.7061362877812,-66.50595468743758,-25.426363173070516
2001-08-08,10.370354682022473,65.5535361381412,-66.85550115918898,-24.600687971591015
2001-08-09,9.776260161570724,67.09237751442099,-65.19541224375944,-23.643281529325666
2001-08-10,10.012552566920903,66.99134790119268,-63.78669099907268,-24.941502899539802
2001-08-11,10.359354812868931,67.55200835008486,-63.4457206188609,-25.35769902815427
2001-08-12,9.367685534211851,66.42187946477657,-63.482998093889975,-26.434985885409983
2001-08-13,9.936775639642907,65.21552892703504,-61.86074768602472,-26.562245627465767
2001-08-14,9.766163866884813,64.51077349201884,-61.2554583045396,-25.417888758525855
2001-08-15,9.839225549558803,64.24039811650425,-59.45300087194889,-26.721648628695338
2001-08-16,10.367235128436917,65.68265792073613,-60.717359472101194,-26.415829230597172
2001-08-17,10.864891459824564,65.10169288011747,-59.76570775663996,-25.764644516067612
2001-08-18,9.499608805053125,64.09599864014794,-60.36809766926363,-26.908678744524877
2001-08-19,7.78126893829912,62.75471903382045,-60.83637026289118,-27.776132450761335
2001-08-20,9.005944413235788,62.69485299717434,-59.02497931633734,-28.11780057022287
2001-08-21,9.69277206562974,63.49258035422757,-59.6559853414382,-27.393881503119655
2001-08-22,10.48635817954702,62.48084475514565,-58.732583038915045,-27.040541364039676
2001-08-23,11.208362059202077,62.73927823505167,-58.327170584310835,-26.932913376634563
2001-08-24,12.828966119699762,65.10162961364041,-57.84961749228898,-25.42730985800569
2001-08-25,13.435191882959787,66.40840539979328,-58.18873621920084,-25.330281366743765
2001-08-26,15.100143566135733,66.0636417110211,-58.285231462628765,-23.298398918610616
2001-08-27,14.182175490724637,66.83268125299178,-56.757594803222005,-21.841367480245353
2001-08-28,13.931074879095117,65.22002127072984,-58.40465853760526,-20.475611106355977
2001-08-29,15.639575307327327,65.87630481186798,-58.19662177122817,-20.240721942578443
2001-08-30,15.364304681522928,65.47874515361916,-56.7799351715388,-21.054051150210448
2001-08-31,15.47390319273455,66.0934339762754,-55.57715216399714,-21.725685953284376
2001-09-01,12.781292863392412,64.23685414647247,-56.06126616504947,-20.693655372129463
2001-09-02,12.051014054051517,66.74064025198916,-57.15773173163846,-20.07227936564687
2001-09-03,13.92458864751389,67.31431153710668,-58.670225405344645,-19.48054176838565
2001-09-04,13.410558733729975,66.18783936945735,-58.79994196943521,-18.616053040592444
2001-09-05,13.540006575921028,65.9181220940942,-57.17548718685217,-18.32519566990222
2001-09-06,15.217019633489844,68.21028568139873,-56.51220965583821,-18.47510290880432
2001-09-07,14.558056025848881,66.57301154805467,-57.80065767183457,-16.328720438595354
2001-09-08,14.753236581228997,66.43130959153055,-57.661415635680385,-16.401210672861644
2001-09-09,13.95586662667223,66.64983441254341,-57.928506059696765,-17.527841623811327
2001-09-10,14.92575115201437,65.22112618908673,-58.37052704118987,-19.15584871270926
2001-09-11,14.380408048700508,64.21333489852869,-57.83566917083899,-18.364624113278737
2001-09-12,13.479776192514393,64.20978589400993,-58.08926198358151,-18.865201001989064
2001-09-13,13.256988825060443,64.0028544231639,-58.34117169197765,-18.99131904233723
2001-09-14,10.793489661633103,62.767697860727395,-59.60131887959061,-20.342663464509673
2001-09-15,11.323473606111014,63.40434652891736,-59.9746112351996,-20.3119366205245
2001-09-16,11.207986873939923,64.27569236366266,-60.01391264467269,-20.475973601266578
2001-09-17,11.310299195158638,63.23939373800045,-60.814004977684114,-20.987871426540796
2001-09-18,12.738972061046152,64.78151469828437,-59.708761351760444,-20.68102059864919
2001-09-19,11.502276915659385,65.47429558374706,-61.504644524801584,-22.53007172046562
2001-09-20,11.906256289209354,67.28031297896423,-60.54049589612806,-22.652904508544633
2001-09-21,11.24217176515751,67.6249540760505,-60.12937901820209,-21.283507223805714
2001-09-22,11.75254006742634,68.3762479653481,-62.32444839789015,-21.394382396846858
2001-09-23,11.840267875352088,67.20657816019329,-63.8598051069643,-22.100054131012165
2001-09-24,10.983252836307104,67.34284328053847,-63.398452839703815,-22.718627098807016
2001-09-25,10.813896705090334,65.62644366197351,-62.83303232151979,-23.582182196002908
2001-09-26,10.13956418956761,63.598624873913025,-61.20249012382361,-23.75435881355158
2001-09-27,9.466753817289188,64.58721491135334,-61.37568341828102,-24.319769318984847
2001-09-28,9.61330945866757,63.99861704345406,-61.867853864091714,-24.372334461130286
2001-09-29,10.665566485359507,65.08647653303244,-63.16254805136842,-23.814296538129224
2001-09-30,9.918160043176327,65.45852128089805,-64.1895561897465,-23.43351672052493
2001-10-01,8.884223334023947,63.85993424044509,-63.190315439994386,-23.026523701907646
2001-10-02,7.837923599529452,64.02818609319826,-64.03951082984523,-21.771014829655336
2001-10-03,8.113504812137965,64.63391585784943,-65.38370823210094,-21.591937161676718
2001-10-04,7.626543901725438,64.56494929163934,-64.73396663971158,-23.588375533006815
2001-10-05,6.36830156489894,63.4035482812921,-65.11482144936299,-23.559874848216502
2001-10-06,7.5521877138193485,63.126798433222916,-64.33996559536968,-22.60322725782863
2001-10-07,5.489334205370369,63.34174471181036,-63.996110140141006,-22.42648463656122
2001-10-08,3.1822883293637405,64.02524202778025,-65.69260946328525,-22.1850214003411
2001-10-09,2.9706771340109457,65.2346371220706,-66.70980034077326,-22.55074259397998
2001-10-10,2.9174261042245484,66.45233369093076,-66.26967924533402,-24.522440629776007
2001-10-11,0.9450008200949809,65.86005154219339,-65.29704817656722,-24.67217057046417
2001-10-12,2.1936336437282726,67.3428203013243,-65.78126357014696,-23.91024650387465
2001-10-13,2.565682306296893,67.20587364230619,-63.805141575626706,-23.910077082807184
2001-10-14,3.53100672414006,66.89108668497893,-63.58245408372737,-22.792151841540814
2001-10-15,4.685848909042429,67.2759672337434,-63.41816952477691,-22.78261277872647
2001-10-16,4.680265763918316,68.13984746722599,-64.46819548595498,-25.359400129233144
2001-10-17,5.678238231132442,70.71045185096894,-64.81427489572663,-25.09724817276382
2001-10-18,4.216354556636429,68.61898512452375,-65.07421441043132,-23.035848104916965
2001-10-19,3.885500367318374,69.6834197333949,-67.44477386373252,-22.487093257676914
2001-10-20,5.768541459792267,69.28521623620722,-67.1454224378268,-22.38814137246976
2001-10-21,6.2267924064850995,69.02440225182808,-66.88502244849731,-22.218520762604797
2001-10-22,6.211452888509306,68.7998547468594,-67.44584968320183,-24.430198665485968
2001-10-23,6.375597721357145,68.8566770582034,-68.51743994760493,-23.903249982210323
2001-10-24,6.904480944918229,68.26136502196431,-67.93400997404613,-24.60786651753247
2001-10-25,6.453997502703011,70.58820419130966,-67.97670085009005,-25.646432561008496
2001-10-26,5.80569211420703,72.04985050732722,-67.6797406777579,-25.295384792220354
2001-10-27,6.88993516421232,72.89196579403571,-67.37167532402081,-25.732206251675684
2001-10-28,6.8984424768351245,72.87729583738407,-69.48024389670783,-26.416085912584013
2001-10-29,7.575245397247089,72.6632470886423,-69.314121056913,-25.678287210653558
2001-10-30,7.730056136780106,72.97800139579996,-68.6873539045392,-24.00746249079847
2001-10-31,6.467441794547819,73.27854048288786,-71.1754728769026,-24.82599735332941
2001-11-01,8.043979628420601,73.53522597917966,-72.98789612632669,-24.44593991431608
2001-11-02,8.079020378933162,75.67316930860083,-74.43951381864504,-23.271391964528938
2001-11-03,7.579566848069906,75.38888450688248,-74.59709273194966,-23.571386755599335
2001-11-04,7.515583316302133,75.4718669425861,-72.97320361335126,-24.255309456473945
2001-11-05,6.672375384160376,75.29916394760767,-73.77653569996089,-24.91992263506854
2001-11-06,7.290573345636236,74.9335652294166,-74.26397597490251,-25.60492504874577
2001-11-07,6.055654035928683,74.03190138095856,-74.89436608992705,-26.197636057640086
2001-11-08,6.008450265368279,72.81213547421731,-73.8844474623824,-25.51469202916838
2001-11-09,5.186574575877219,74.26146031954978,-73.17581571052385,-24.17226916917119
2001-11-10,5.06818748451836,74.83634322536456,-73.69311416470327,-23.44897527087934
2001-11-11,5.640130666006339,75.28326996572353,-74.40585689692281,-23.32139380886006
2001-11-12,5.6625878964063725,75.47872983778736,-75.11210421991005,-24.76759695126763
2001-11-13,5.240609769921104,74.65000865972733,-75.80389126278311,-24.46854745825583
2001-11-14,5.155175873900465,74.66783484898681,-76.85469990966227,-24.718682568940196
2001-11-15,4.588687440168119,76.16740066226055,-74.63932800745175,-24.05301324135081
2001-11-16,2.954991892448187,77.92161847668979,-72.09394116843376,-23.65831867888161
2001-11-17,4.287029993501335,77.86465180671293,-73.27899346691264,-23.375985560287848
2001-11-18,4.184683555032516,78.70053647028095,-74.04489376398621,-22.293185770917884
2001-11-19,2.9637420006728386,79.21549407283615,-73.2404880714099,-23.928424942331887
2001-11-20,3.5729676705784152,80.89414711640073,-72.74136686708634,-24.678743604168424
2001-11-21,3.9143379792454045,81.18386642643779,-71.69809251530594,-26.056069461119336
2001-11-22,4.462517820443596,79.33950914491803,-70.7781864013571,-27.46010865456407
2001-11-23,3.9283155541355965,79.56996924483643,-69.84953249365103,-28.306704678377862
2001-11-24,4.907770635245725,78.52100559195856,-69.98272434915398,-28.259916252240874
2001-11-25,4.911420156339697,76.79874051267785,-70.94625881273535,-26.639437806460343
2001-11-26,6.193673372425691,75.85348907246244,-71.78757240975433,-26.685519846441906
2001-11-27,7.336339274424759,76.53175667883019,-71.06761577846547,-26.822336164447016
2001-11-28,7.4337005982009146,74.77801057725205,-70.70249133439943,-29.113712232873628
2001-11-29,6.816362914666606,74.87628414211842,-71.14366991182602,-29.1280067285877
2001-11-30,6.7750236441023794,74.40743792014185,-70.23062678196057,-29.681237974290774
2001-12-01,5.458553598304185,75.53154907798734,-71.13409991903139,-31.315819532142623
2001-12-02,5.195464513078101,75.48031952209018,-71.36176303901753,-30.88982945057544
2001-12-03,4.200387581153233,74.68221542258247,-71.12335829086686,-30.908415411353335
2001-12-04,3.9056017368618074,75.28467298312175,-71.2587129374227,-30.59156626495488
2001-12-05,3.6839164719658495,75.88719819864069,-70.97596957335678,-29.924382044372205
2001-12-06,4.8885684934404114,76.65325784064032,-71.52297230339568,-31.259222297549314
2001-12-07,5.8070335216766455,77.08719002240055,-70.23247003310809,-30.94110096120179
2001-12-08,4.926100958317744,76.9951609081686,-70.83914820950632,-30.24031820211984
2001-12-09,3.845036912510544,77.91705441902315,-69.39749692030745,-30.375995894898978
2001-12-10,5.323999622228878,77.93063039662499,-69.17957435213806,-30.922874990356096
2001-12-11,3.340688092049785,77.50863720165212,-68.26822165883472,-31.040619186760978
2001-12-12,3.6795848014697925,76.99849344119136,-68.00846880196691,-30.6171012654881
2001-12-13,3.348868835281071,76.84873455223257,-68.7123119014957,-31.900600466432213
2001-12-14,2.833526922407368,75.9302394524083,-69.81995057054345,-30.57521986432395
2001-12-15,1.860124624499093,76.87021569856331,-70.34842010502496,-29.623252746934455
2001-12-16,0.39405341090943224,76.158051244687,-70.05613298460646,-29.813834447849196
2001-12-17,0.4025728213847104,77.580005411898,-69.41927456006144,-29.121938306361187
2001-12-18,0.28943214776097836,76.43616027109414,-69.15087051878862,-28.480485029565024
2001-12-19,-0.0007553741334024866,76.93501059207804,-69.4725858788353,-29.62167875748542
2001-12-20,0.2806941590071261,77.98587308256486,-69.45556240312554,-29.950008762512176
2001-12-21,0.6537774909312329,77.94043931449073,-68.45732864231138,-31.220106725580084
2001-12-22,1.6292044475216954,77.50616347479234,-68.81201837622143,-31.144548218305683
2001-12-23,1.2769082109963776,78.23449340568916,-69.08808003757501,-29.77373255121614
2001-12-24,3.295317449382366,76.92002590467291,-68.54400948531419,-28.959152898752137
2001-12-25,2.179887450796129,76.82137686584784,-67.67283472222152,-30.564343979570715
2001-12-26,2.095297509421661,77.0271486338149,-67.9359954250082,-29.859388753813885
2001-12-27,3.336531244442873,77.31675940003646,-67.3417021448838,-32.00646907611144
2001-12-28,3.6196966611487977,78.12802810003583,-67.30354150241338,-32.62925247504625
2001-12-29,4.48754202069869,79.35622866554883,-67.09893462131352,-31.268631723102217
2001-12-30,3.9482966591625726,79.99010575644348,-67.48697605119028,-31.34455975622479
2001-12-31,5.286044864176307,80.2565203215875,-68.25468871999828,-32.34172140945641
2002-01-01,4.894091691667718,77.5167235684042,-67.74288375461589,-32.563877502100375
2002-01-02,4.7292449695985965,76.71138388729625,-67.36021602961011,-31.353916604525626
2002-01-03,5.175364253144129,77.74780983752518,-68.29305940284266,-31.80146248887907
2002-01-04,4.947868504613815,78.71644021465474,-67.92779406553828,-30.117365007430163
2002-01-05,5.204577546859645,77.06276015954278,-69.28592298687514,-28.98992895596796
2002-01-06,5.222315004243771,77.29023482240457,-68.62121066097671,-29.962789261170123
2002-01-07,6.190067778222137,77.71761063174253,-68.93560509230811,-29.901678563355894
2002-01-08,4.758989930258965,76.53202245030491,-67.99211377432194,-30.844026398192046
2002-01-09,3.8478921256412746,76.28676332807079,-69.42562739622069,-30.477279327973505
2002-01-10,3.8338077663202004,76.29522721750715,-68.76573757085939,-31.002363548881565
2002-01-11,2.806440226443418,75.18868436072106,-68.67225259176375,-31.604734836720304
2002-01-12,1.753949654847615,73.05942743923794,-67.89285711931346,-31.69547585870432
2002-01-13,1.9517349518567992,71.71553913784449,-68.50161738300662,-32.52466461695624
2002-01-14,3.14932893376263,70.82013670859257,-67.93448530271445,-34.73896802975915
2002-01-15,4.193292172062551,72.69443803120515,-68.17147140767803,-35.07403924105451
2002-01-16,4.337158884439382,72.63428645370432,-69.2027479072676,-34.272848712735495
2002-01-17,4.019978850342231,71.10475942008945,-69.48342258863353,-35.317554168483746
2002-01-18,3.3902921464397324,71.57323261148287,-69.5686031437239,-34.96415072074133
2002-01-19,3.7586759919602577,71.43466320596343,-70.12985067308364,-35.24921600227491
2002-01-20,4.690303814366449,71.53165689567736,-70.08236930608733,-34.84497943531436
2002-01-21,2.811377202803472,71.50899389010264,-70.70358383329686,-34.173710134291944
2002-01-22,1.1474945339548897,70.60880003454255,-72.954993916718,-35.97000789178913
2002-01-23,0.8601933532608781,71.38270340842715,-72.83619661445533,-35.553263127787496
2002-01-24,1.4682213774287614,71.88537953244597,-72.3851908355595,-34.68745576014844
2002-01-25,2.8452728751722116,71.09775786569902,-72.11855029386098,-33.60256034769669
2002-01-26,3.900213678194213,72.77471884263387,-69.79249528652117,-34.61919966086915
2002-01-27,3.7752097012337567,74.00042136187362,-70.69383531293978,-33.870149313035206
2002-01-28,3.695609240376486,73.06069295932278,-69.04316754522598,-36.255986639415454
2002-01-29,3.05142358624813,73.85429573625777,-67.87423395426279,-35.7239060280512
2002-01-30,3.6577246311232505,75.3236415491166,-67.74962408301282,-36.20365861522552
2002-01-31,4.694559740914676,75.31685380039113,-66.66188355085778,-35.67387712045391
2002-02-01,3.7573632726395703,76.03344995186728,-66.47507550128097,-36.393058203816196
2002-02-02,4.71172862328584,75.57234275319006,-64.87099026784232,-36.86268737025066
2002-02-03,3.2152536202413162,77.06662548723169,-65.29447908126265,-38.07017285294247
2002-02-04,3.4262864390990413,77.47691623878009,-64.19111973859258,-37.3657192650154
2002-02-05,4.163691443292471,78.91152976290476,-63.263182903134876,-35.6377443635972
2002-02-06,3.285964925312344,78.02024623630543,-63.69829262670717,-34.19277518497094
2002-02-07,3.684783140335677,77.90869206102376,-63.637863946399676,-33.937549712326
2002-02-08,4.308078439933644,78.23901770730276,-62.89217708612504,-35.388445133951556
2002-02-09,4.676359421867673,78.16090164973964,-61.92925157592202,-34.1410371550643
2002-02-10,5.275203038175724,78.37157550175783,-59.787151055735364,-35.7967426481535
2002-02-11,7.297861612339,78.07220489048761,-60.80633784405371,-35.086311928202164
2002-02-12,7.422736539756981,78.32230302546412,-61.246975602020576,-36.66222575086193
2002-02-13,6.183752848914669,79.15646032983172,-60.82794363092551,-36.73939466944101
2002-02-14,6.926102791494455,77.76969769761423,-59.417674237391076,-34.37303934207791
2002-02-15,6.7861645630885485,77.67152251733877,-59.32518921838726,-34.69286481370307
2002-02-16,6.016190923454218,77.74259177452768,-57.82598636470696,-33.815213670769076
2002-02-17,7.909056571157324,77.82889570769971,-57.203329547737944,-33.97299010432339
2002-02-18,8.902427420871751,76.88967776925293,-57.84951046932083,-34.31085301704783
2002-02-19,9.902851243145776,76.9940956823733,-55.73507126203917,-33.30745574187846
2002-02-20,10.401140141507158,76.4965638254997,-54.00609843334061,-35.40817765041905
2002-02-21,9.397935353406579,77.04558158653846,-54.04878316692501,-35.687927347949525
2002-02-22,9.113788976887596,77.0101082243798,-53.806618784387275,-35.41315401284349
2002-02-23,9.47374207388605,76.495008871527,-54.19393605538062,-36.04059193805674
2002-02-24,11.080092874819218,75.66805882451148,-54.86399165501447,-36.607537712481296
2002-02-25,9.366666332393025,74.94340964637165,-54.7025526420781,-37.127607844218595
2002-02-26,8.582616333342221,75.27216035751572,-53.393513878956696,-36.534690641796075
2002-02-27,7.656136243431768,77.04157367062258,-53.28343014247381,-37.45627546441959
2002-02-28,7.591822123530082,77.8115148125261,-52.20260809868604,-36.63621656149323
2002-03-01,6.881932333912754,76.9144397861853,-52.16463391757709,-37.02827714511943
2002-03-02,8.745855075812159,77.42918903546337,-52.007310029454935,-37.86226261845756
2002-03-03,9.33953756603329,76.90237544871137,-51.40142656176716,-40.04454678696987
2002-03-04,9.121617359766837,77.24693821288432,-51.81640734333732,-40.71712375688175
2002-03-05,9.98971992854435,78.31961707822717,-51.09477035736248,-40.755259778237495
2002-03-06,11.38543801425327,77.80907481687868,-49.55207579262284,-41.406418667222894
2002-03-07,10.407686861543937,77.04247223945735,-47.60024978606448,-41.82803542927932
2002-03-08,11.154421023639479,77.66507403171359,-47.957373187151305,-40.825653877074615
2002-03-09,11.079732794713632,78.94500725719436,-47.419369437428074,-41.52911658414739
2002-03-10,10.407132383768186,78.75414906556543,-46.124139082655525,-42.236379644544456
2002-03-11,8.981426355871207,79.2896535784118,-46.373270240256396,-42.902463319608316
2002-03-12,8.79755628001775,78.64432338233424,-47.95797455443821,-43.68716620477883
2002-03-13,9.921945722960343,78.90272453146511,-47.03386175291899,-43.75885352440507
2002-03-14,10.233963979848241,79.12548934485353,-46.798636429542924,-44.633451795390954
2002-03-15,10.341925308270302,77.77798696038414,-47.82078313851445,-44.02467063594174
2002-03-16,9.07180102437428,76.96434860499768,-46.5837027431696,-43.02456972709476
2002-03-17,9.365598517071053,75.89217140819251,-47.31291227481704,-42.95652609987084
2002-03-18,10.572281794102311,75.37530713338914,-46.77301716659549,-42.25860142424476
2002-03-19,9.706544652917257,76.95651805630081,-47.145063683470056,-41.829614075642326
2002-03-20,10.129976709354803,78.34275278124954,-47.192531104803614,-43.481514621739045
2002-03-21,8.85488407031254,77.46416877335416,-47.0859950879286,-43.59562661253208
2002-03-22,8.72452679112554,78.93273137662875,-46.82879600282534,-42.881199161726265
2002-03-23,7.307074837225782,79.31265028981291,-45.10794960287222,-42.29620423854546
2002-03-24,7.100238053425487,79.29956252975911,-45.740076622502876,-43.033201859260316
2002-03-25,5.836804458917614,80.3627231444269,-46.59599288347459,-43.383695882504874
2002-03-26,5.781651300996991,79.25843753647395,-47.7225551005207,-43.47223918549094
2002-03-27,5.374290080855731,78.06390206606952,-46.85862205825505,-42.99327682281482
2002-03-28,6.160324879366543,77.02433180381448,-47.68393330356591,-42.23141422199909
2002-03-29,5.751718102394104,77.40537199844553,-48.703103602124045,-41.03122620539894
2002-03-30,5.594231708293219,78.20589378627187,-48.68865358598237,-39.342952995463676
2002-03-31,4.395356678734423,78.93261482726564,-50.46836240785455,-38.49325077845467
2002-04-01,4.286224865962812,78.26592218408054,-52.17981181242804,-38.73966801310067
2002-04-02,4.373576822339775,79.84550434753379,-53.40989404671434,-39.73267226992677
2002-04-03,5.771606177731252,79.49059108306483,-53.34620587569943,-38.227705640395705
2002-04-04,5.895436434645382,78.72203011603764,-53.69233329696967,-38.3920580068445
2002-04-05,4.67398342354706,77.59142332324171,-53.310964688658444,-39.12318748118905
2002-04-06,6.27993085190338,77.16872762419551,-52.876635347715094,-40.018288415735036
2002-04-07,6.961249914862086,77.18145773015871,-52.38809127362575,-38.499180671542995
2002-04-08,6.950301845863245,76.83475859979568,-51.51672598977799,-38.541368735498914
2002-04-09,7.353070170556905,78.40834717249005,-51.518450231944264,-39.33280904726869
2002-04-10,8.065424613568563,78.11854263445123,-51.40484707401427,-38.88849542413903
2002-04-11,6.927317434709602,79.86189302433993,-50.63437224187625,-37.85008085125787
2002-04-12,6.839252489915889,80.50450282066018,-51.39600426586772,-37.91870818851302
2002-04-13,6.248674254724628,80.43330320655696,-51.25747001539063,-38.371689186777694
2002-04-14,6.056215320865369,81.23086827477108,-51.094864960474155,-39.48710664513151
2002-04-15,4.471133170221082,81.46952472748103,-51.05306163057927,-39.10197906489567
2002-04-16,4.75311551799656,80.9519898841696,-50.65448656393558,-39.11447884837324
2002-04-17,6.420473371918542,82.60617083255914,-51.576794146440236,-39.339833978914164
2002-04-18,6.353228101563804,84.10382065987132,-51.65351267420269,-38.630424714293135
2002-04-19,6.077243432825785,83.85652793477084,-50.86583262293701,-39.57216272820993
2002-04-20,4.684791961837415,83.60938228761084,-51.36677159602945,-40.38020725374051
2002-04-21,4.840615023451997,83.35461943291986,-52.75249600522876,-39.35952479732054
2002-04-22,4.498535098790884,82.14580214543193,-52.79120705458429,-37.43842635642644
2002-04-23,5.011894509532295,82.86258165316855,-52.43278036167016,-38.482834765632354
2002-04-24,6.692332180631059,83.12553874118039,-52.06837595918605,-40.15109879052275
2002-04-25,7.189279242057642,82.4991619780978,-53.48203405458561,-41.22431540251935
2002-04-26,8.0554310526487,81.74716530276388,-52.872017703413164,-39.29576559445087
2002-04-27,9.07139671310108,80.87919617661153,-54.49072470360626,-39.16919131641329
2002-04-28,6.859380707465457,80.9523918630191,-53.46278853724419,-39.928398573320486
2002-04-29,7.994031156008699,79.55435810718191,-51.82219417144966,-39.59821639069471
2002-04-30,8.710060226255852,78.31162694331732,-48.79983821273465,-38.35377323725132
2002-05-01,9.782808695806303,78.66624143341345,-48.778273570835964,-40.20644788650493
2002-05-02,10.15691018728017,78.78744173535202,-49.017436584476776,-41.280082486875784
2002-05-03,10.09397770620604,80.73638892087669,-49.104911193221085,-40.44407088708075
2002-05-04,8.840805333715416,81.06364231768728,-47.95034379824205,-37.891085971606614
2002-05-05,8.036700954599985,79.77693295646256,-48.70538884655139,-36.614095545533914
2002-05-06,7.942937811093019,80.87947149981929,-49.82564066286093,-37.112676158367925
2002-05-07,7.826105509937633,81.19447576434489,-48.68907889277309,-37.30901261779384
2002-05-08,7.168466745869613,82.63413338631824,-48.600083780226434,-37.327451879323355
2002-05-09,6.404935650713516,81.88879035798533,-48.54114823608406,-36.77562407613606
2002-05-10,6.596205103698008,82.97458668628363,-50.46300690935736,-37.374162633416965
2002-05-11,7.014461066423927,82.42906339735558,-52.16465222796896,-37.231472118321555
2002-05-12,5.097586514713342,83.0291611130831,-54.814568376774645,-36.701600366975775
2002-05-13,4.62478205213338,85.51728586975675,-54.33240491068508,-38.153162768428935
2002-05-14,3.3689444917369684,86.56283945506985,-53.11954925219875,-37.41334948755182
2002-05-15,3.4915822631729396,85.75360071946305,-52.70670767082443,-37.09322251682774
2002-05-16,4.781651049595434,85.40552056321576,-52.33699768335363,-37.33668145736758
2002-05-17,5.068026683435143,85.14859884903451,-52.69782999849698,-38.56308454416274
2002-05-18,5.939313053788871,86.76897942988647,-51.14238546447525,-37.78513090047216
2002-05-19,4.525237474448634,87.03328402198639,-51.42402090626136,-37.222627059995
2002-05-20,5.822363642967609,86.12867825146567,-51.23812219353875,-37.01669152056247
2002-05-21,5.948445859119871,87.16502192311141,-49.97806698396081,-36.05843616748575
2002-05-22,5.575546581072439,87.2461370900258,-50.62696198208884,-36.05562107019663
2002-05-23,5.148651930156499,86.46756535576232,-50.99829444692296,-35.90928637658659
2002-05-24,4.665811995193951,87.17911552207316,-52.49656735207021,-35.886122129737856
2002-05-25,5.660566806491777,87.97888368144618,-50.41362509431618,-36.07242228287579
2002-05-26,6.05271449193352,89.23934515887193,-49.75410206156545,-36.38827518532832
2002-05-27,5.68770283761163,91.51884762616814,-50.8201301759025,-35.79122373400858
2002-05-28,7.70605405329976,90.72623694092621,-51.99209947518572,-36.11535489449675
2002-05-29,6.728733371358558,90.41790227993165,-52.88500151910786,-35.64375842843797
2002-05-30,5.85721926435748,90.97726002859174,-52.09639830733073,-35.485729172069725
2002-05-31,5.280845111248313,90.98137888631092,-50.67717154569765,-34.02632849585806
2002-06-01,4.746171539911859,89.97895376646778,-49.82202762356103,-33.590328353511275
2002-06-02,4.4410991126775095,90.0444056503583,-49.49344530543068,-34.389545778122894
2002-06-03,4.956122910646343,88.34093074663413,-49.245627489106816,-36.65701378410602
2002-06-04,7.077456368296179,87.31140954589245,-49.87127525957253,-36.950546815419315
2002-06-05,5.825818721877051,87.49467705925912,-50.162318702938144,-38.17246642028612
2002-06-06,3.885580396037289,87.26476165043744,-50.2388809711476,-37.99796219703405
2002-06-07,3.6871561956647443,89.44040928212411,-50.80987274012447,-37.71578997269768
2002-06-08,1.4747891314085155,88.62096889369795,-50.49434624553522,-36.58714493324456
2002-06-09,3.273650854431909,87.4613484640924,-50.140969662837456,-36.91262239343604
2002-06-10,2.1737701080468312,87.01491251334137,-49.67041441784655,-36.503146658611804
2002-06-11,2.8185362740974975,87.57599885285198,-50.37064486613334,-37.577972940779915
2002-06-12,2.058742433779076,88.40485030185243,-49.81934953261026,-37.334101492178114
2002-06-13,2.894189759888281,89.48784672643843,-48.69132296288215,-37.109637982388
2002-06-14,2.9016195570431726,88.77325696656686,-48.15176179670512,-36.89909977626154
2002-06-15,2.8053197758503177,90.12661203706068,-47.74395984120117,-37.09316976210182
2002-06-16,2.251962498369545,89.90105742565753,-48.0909239227037,-36.00215987083664
2002-06-17,2.8446497184558313,90.01631798106551,-49.07259507416529,-34.64369095937768
2002-06-18,3.1109721116760047,90.0099890778465,-49.521700890222945,-34.09460471499052
2002-06-19,2.4943437025796156,88.29512145482215,-49.959676011542435,-32.77243877461077
2002-06-20,2.7001790309487608,88.4102595052563,-50.578147640455306,-35.010074200498586
2002-06-21,2.5361031643102265,88.64802308482663,-50.92506312631173,-34.12385046799087
2002-06-22,2.7200743362115065,89.52040785194072,-50.55398783464653,-34.28541045847633
2002-06-23,3.2363646200476532,90.56955578367912,-50.07545021546962,-35.272707389890535
2002-06-24,3.4096563267602487,90.6641892286061,-49.38010582984466,-33.71490673124982
2002-06-25,1.3086676186805275,91.20088581303428,-50.214374299112286,-34.023315772269996
2002-06-26,1.8524151555962973,91.56570213970912,-51.86802668399818,-33.85861448112004
2002-06-27,4.701745314069727,92.59021742710567,-51.366186348147565,-32.92837408199557
2002-06-28,5.3062913178541065,91.34537788777324,-51.64114701099583,-32.14892740581677
2002-06-29,5.047007672111497,89.46005403131095,-50.46582130013869,-30.761010448929632
2002-06-30,3.9421478048572447,88.09969106047302,-50.868248544083805,-31.026328485548394
2002-07-01,3.0222662171050376,88.56796807043567,-51.38300137674885,-31.004421741291903
2002-07-02,3.068317243633948,88.1493905067563,-50.14288120259966,-31.794391058236442
2002-07-03,4.2972468041245735,88.38044037808092,-50.73143209322817,-33.022418496527685
2002-07-04,2.5422441255801456,88.86917647258339,-50.15884862404254,-32.20598155560257
2002-07-05,2.8939582198137073,88.05449899636542,-47.8646709802853,-32.87113396863819
2002-07-06,1.3482144740779618,85.9696787966379,-47.63956414445925,-32.06149493145554
2002-07-07,1.6895766099774359,85.02904631045939,-48.614829366788385,-33.42081656327765
2002-07-08,1.1087297795369713,85.15291162559939,-50.620704144893054,-34.52113775429253
2002-07-09,1.7809140379614028,86.06137629800088,-50.26380020972495,-33.62420389621771
2002-07-10,2.4302598245341906,86.15286383464233,-50.223923127552126,-34.25848240773734
2002-07-11,0.8215509735982507,85.34202046754376,-51.88643717552453,-34.88190109922236
2002-07-12,0.944441398696901,86.1052152250514,-52.058040247437724,-33.983229232468084
2002-07-13,1.653319396706705,85.83546702583894,-54.19668355556555,-33.188482521102294
2002-07-14,0.6722019522490972,86.13705768664225,-53.684581520263784,-32.973418928523
2002-07-15,0.48627400876367366,85.3846154673357,-52.035699226901755,-33.30360477597488
2002-07-16,0.006652505009660414,84.9245671262657,-51.27599364879217,-33.580988786941006
2002-07-17,-0.44624704130739684,83.88458752700569,-50.952643734617624,-32.601076848177584
2002-07-18,-1.5956504739259731,85.65512088493499,-51.166780651181064,-33.3820091593481
2002-07-19,-2.7050086834207523,84.46554015337732,-51.73583124829882,-33.42638839098764
2002-07-20,-1.7713521759513702,83.87406755821287,-52.20042140767876,-34.251529939395745
2002-07-21,-2.842749433690855,84.03203449295498,-52.89065465621547,-31.85704659817509
2002-07-22,-3.5530782432193684,82.49933611955629,-53.24854483678885,-31.624903448724393
2002-07-23,-4.399652940598241,83.60804701624978,-53.942340220351475,-30.367948853672395
2002-07-24,-2.7149580992380784,83.73541231840905,-53.84682645407275,-31.208437714686344
2002-07-25,-3.7250045333962216,85.48640357618268,-53.006774111748385,-30.980769776756055
2002-07-26,-7.25011756326877,86.27781291193858,-53.1820202334383,-31.78720188860996
2002-07-27,-8.707912218042688,85.33810179546522,-52.77203446140661,-33.75286978637676
2002-07-28,-9.615088310040836,88.2825831057324,-51.14855571044784,-33.61367406674425
2002-07-29,-9.189872135159446,88.4937851358623,-52.841223459160055,-34.048507937777806
2002-07-30,-8.724460599554229,88.13569786583102,-52.85500701302702,-34.37542800004159
2002-07-31,-7.929591156768686,89.74865964276314,-55.34976481118711,-34.86666141479173
2002-08-01,-8.906977898188066,88.47827186847726,-55.76500881877286,-34.96954494421354
2002-08-02,-9.634440505673432,89.38561956465986,-54.99072112509935,-33.72017320398687
2002-08-03,-8.465350154182081,89.45468259338837,-54.43381151068776,-34.62867214369418
2002-08-04,-8.397945575657802,90.81049280466131,-54.516703070433195,-34.867338072883435
2002-08-05,-8.462082008011373,88.60255970789103,-54.6424293811625,-34.907928544985076
2002-08-06,-8.859832924935056,88.85858800583289,-54.69182017559902,-33.985079645184435
2002-08-07,-9.636540037272606,88.46956720143864,-54.190938429071686,-34.012929744181456
2002-08-08,-9.29053544064869,87.8067274389355,-54.28006027419818,-32.629132962036586
2002-08-09,-8.498550443490613,88.97828181822905,-54.394748527695434,-32.29537244926812
2002-08-10,-7.860790309785929,89.75272293729097,-53.73854919370304,-33.40868048707586
2002-08-11,-6.90257038108192,89.43146272141948,-53.00772175846037,-32.126936219183776
2002-08-12,-8.901699157673795,88.57072211751438,-52.490729654299294,-33.1462361005297
2002-08-13,-9.294818928781947,88.9562579126694,-51.78353903633121,-32.7552220720073
2002-08-14,-9.014802754746977,88.40313870092379,-52.0194715554979,-33.943546146284866
2002-08-15,-10.667750469198642,90.61233236887813,-52.178329615148755,-33.42484660715611
2002-08-16,-9.504839189821858,89.61750037281838,-50.26990594436885,-33.16397396682582
2002-08-17,-10.392376355398493,90.11678597133701,-49.614888392467456,-31.157067358326696
2002-08-18,-9.117301997987136,89.24887124475325,-50.21002806955289,-33.403556662729585
2002-08-19,-8.278793843148467,89.90755982803896,-49.09131430538051,-34.36967676762495
2002-08-20,-8.972781746216416,90.00314182368757,-47.692773419563174,-33.65556562427453
2002-08-21,-9.245074392127108,92.61194419593845,-48.877040892406164,-34.00867813742316
2002-08-22,-10.070226186024266,91.05583195205827,-47.164762587032,-33.34814829801995
2002-08-23,-10.295000651683194,89.93102638408703,-47.27224507402198,-33.86598469001091
2002-08-24,-8.774193332245002,89.07646234495623,-47.895212478368684,-34.18890970549716
2002-08-25,-7.700909605878439,86.45533845853194,-49.74678716806285,-33.72103024770716
2002-08-26,-7.059228553874776,85.1805400130301,-50.76005636423156,-34.74769181736974
2002-08-27,-7.673920720014137,84.77533738450363,-51.62217331252025,-33.38012039859243
2002-08-28,-8.283326595552051,83.51024112394694,-52.0958439796233,-33.29572535083611
2002-08-29,-6.837914936060334,83.64207131685266,-50.10124153418308,-31.93121898106452
2002-08-30,-5.74131464368801,83.55285634491456,-49.91696316149189,-31.577190257046617
2002-08-31,-5.552739337823613,81.71263637450198,-48.23894791676932,-30.8435184018503
2002-09-01,-5.079588631866283,81.79645003805412,-48.085804619630636,-31.649833530815382
2002-09-02,-5.859782323665174,81.30619893423014,-48.44788997544904,-31.59654718597773
2002-09-03,-7.013216606534238,79.99331534135314,-49.089661669157564,-29.754900044081825
2002-09-04,-7.884830302383855,79.26714415453796,-49.33704327354331,-29.411004376531377
2002-09-05,-7.883118791745253,79.59586289891385,-47.765836616200005,-30.72189042868388
2002-09-06,-8.352896504816464,78.41409798265957,-48.28783690681297,-31.65435728383113
2002-09-07,-8.137931226061708,77.98683431550216,-46.791855405538996,-32.5123589112394
2002-09-08,-5.910361159299354,78.80950211796511,-45.56521183449143,-31.9696346682702
2002-09-09,-5.214516610102832,78.9109734885377,-44.48547755557669,-32.210427204542206
2002-09-10,-5.206572954149675,79.50027830073468,-43.10363968207375,-35.134076315649864
2002-09-11,-6.245379027738075,78.98135195202356,-41.10137304741055,-35.530171026884965
2002-09-12,-4.826114850469561,77.21060839822822,-39.00439379967793,-35.3924513612435
2002-09-13,-4.086270378356304,76.85991325815496,-37.311058606260694,-35.74973385204148
2002-09-14,-3.0499516484714455,76.95221848786686,-37.78225701942522,-36.71004704432465
2002-09-15,-0.5504331378950664,76.10273884455817,-37.30263814066916,-37.14060737877804
2002-09-16,-0.422895278143393,76.81755068923266,-38.48204290492559,-36.609867679052506
2002-09-17,0.00035960843710280965,76.53084994720645,-38.98921636342592,-38.31604791214649
2002-09-18,-0.3746653033860348,76.4733313454169,-38.603957125192345,-38.32037691157801
2002-09-19,-1.5643175797613924,76.35535768199868,-39.4089571194126,-38.1508873542612
2002-09-20,-1.2061181570468054,75.41259796838646,-37.72374322397514,-37.76749898732101
2002-09-21,-2.070611320985901,75.8115551216728,-38.53818340493728,-38.78403812413817
2002-09-22,-0.8946807533780148,75.65850978860888,-38.5883451399795,-39.55814034347139
2002-09-23,-3.323696315027247,76.11253507893116,-39.09923094260592,-40.64848623916686
2002-09-24,-2.974352153477234,77.61310158009981,-37.708761468214625,-39.80689466006467
2002-09-25,-1.2603438079804137,78.39782406401498,-36.60652090453772,-38.59016030519335
2002-09-26,-0.3653730886909604,77.9590354280487,-37.309701492928504,-38.61311557598594
